,Reaction,SYNGAS Selec,SYNGAS Yield,CO Selectivity,CO % Yield,H2 Selectivity,H2 % Yield,CH4 Conversion,H2O+CO2 Selectivity,H2O+CO2 yield,Exit Temp,Peak Temp,Dist to peak temp,O2 Conversion,Max CH4 Conv,Dist to 50 CH4 Conv
0,[H][H] + 2 [Pt] <=> 2 [Pt],-0.0006381817328138973,-0.0019419293778343745,-0.0010436669730606858,-0.0023474104101281748,-0.0002309757256988445,-0.0015347274107336104,-0.0013037547173485131,0.011602899937285251,0.010298990690972377,0.0017100339362851936,-0.0011134988821096426,0.0,-1.887379141862988e-13,-0.8906722941090742,0.0
1,O=C=O + [Pt] <=> O=C=O.[Pt],0.0003937720921354221,0.0007817130058786071,0.0010419001810943365,0.0014298428964156704,-0.0002571065975779285,0.0001308306684152208,0.000387938269628538,-0.00666135113921196,-0.006273440671421916,-0.0006428561457405844,0.00010101500386705629,0.0,0.0,-0.001508794773734351,0.0
2,[C-]#[O+] + [Pt] <=> O=C=[Pt],-2.4882371465746397e-05,-0.00014928149419029556,4.981156361040473e-05,-7.458694923400982e-05,-9.989251820732452e-05,-0.0002242924414946333,-0.00012439977732193677,0.00045160845390749546,0.00032720581157206,0.00013897797157495518,-0.00011869510074986925,0.0,-1.110223024625287e-14,-0.03832657377867969,0.0
3,[O][O] + 2 [Pt] <=> 2 O=[Pt],-0.10521772668721927,-0.3903890611080593,-0.06333796257648149,-0.3486288488066387,-0.1472752418243604,-0.43232651000724287,-0.285471697315445,1.8201974739309308,1.5295296457464758,0.35044907040502044,0.034080283559645194,0.760869565217375,-1.0677014827821385e-10,2.0149026565171617,0.0
4,O=C=[Pt] + O=[Pt] <=> O=C=O.[Pt] + [Pt],0.0019465814397125784,0.005731976217606985,0.002973139682337031,0.006758572036052334,0.0009156662351367161,0.004701018537394964,0.003785317641381038,-0.033436555022479775,-0.02965249427248434,-0.005016572033635205,-0.0001583296931274926,0.0,3.3306690738758614e-13,0.786837609421823,0.0
5,C=[Pt] + [Pt] <=> C[Pt] + [Pt],0.053272504226985914,0.19914126575487695,0.031103143805203022,0.17693958420859948,0.07553595752406443,0.22143717716245323,0.14579109496066736,-0.9207352074828956,-0.776286462886801,-0.17886555178352903,-0.0016998162706639269,-0.4347826086956429,8.915090887741056e-12,-0.6565752294962549,0.0
6,C[Pt] + [Pt] <=> C + 2 [Pt],-9.287183728208055e-07,4.746122170193649e-07,-2.185948621405633e-06,-7.814378473529735e-07,3.338527719167645e-07,1.7347884641096986e-06,1.4003767635622294e-06,2.0343677688189673e-06,3.4364495445151692e-06,-8.393131733050248e-07,-9.312900378157883e-05,0.0,0.0,-0.00022704103132563838,0.0
7,C=[Pt] + [Pt] <=> C#[Pt] + [Pt],3.382612632880957e-06,3.178295460409902e-06,2.451421716609762e-06,2.2482982867678287e-06,4.317435547508301e-06,4.11393640330824e-06,-2.037759741839918e-07,-9.65980669505223e-06,-9.8683235989108e-06,-1.7714035045069396e-06,-0.00010830415586699937,0.0,0.0,-0.002423998619790329,0.0
8,O=C=[Pt] + [Pt] <=> C~[Pt] + O=[Pt],0.00016140099020849118,0.0005174177605547618,0.0001012260588331031,0.00045724359686624905,0.000221831267012291,0.00057784830580569,0.0003560153519208136,-0.0023620581424037648,-0.002006045620971623,-0.00045499304889011646,-0.0009889723157524325,0.0,-1.110223024625287e-14,-0.061501857539110034,0.0
9,C#[Pt] + [Pt] <=> C~[Pt] + [Pt],5.1663535111937924e-08,1.8052649880966955e-07,4.499278097160641e-08,1.7524842539200655e-07,5.8036006456129055e-08,1.8778580402769908e-07,1.307717767620161e-07,-8.904486290747145e-07,-7.626065975964139e-07,-1.6062020399971507e-07,-4.629343399447381e-08,0.0,0.0,5.5479483123628765e-05,0.0
10,C~[Pt] + [H][H] <=> C=[Pt],-3.3445481430090346e-06,-1.0612498763660495e-05,-6.9899107530787725e-06,-1.4258273092513245e-05,3.161338912324562e-07,-6.953459777332633e-06,-7.269588699808198e-06,6.983007395078334e-05,6.256253683126443e-05,9.443612386853711e-06,-4.756920482423198e-05,0.0,0.0,-0.004638816678096011,0.0
11,C + O=[Pt] + [Pt] <=> C[Pt] + O[Pt],1.0664563284283139e-05,3.772473197909604e-05,7.549111444081826e-06,3.4609470642100284e-05,1.379301004381069e-05,4.0852545880357594e-05,2.7059291030299696e-05,-0.00017889835949278535,-0.00015183877773772452,-3.3671284121272736e-05,-2.867357058133539e-05,0.0,0.0,0.008037049472879485,0.0
12,O=C=[Pt] + O[Pt] <=> O=C=O.[Pt] + [Pt],1.7424445640025647e-06,4.8016144876167895e-06,3.0774868014482113e-06,6.1364779804967744e-06,4.019153491125456e-07,3.4608905519259437e-06,3.0595551480166775e-06,-2.9980983067893506e-05,-2.692150653269229e-05,-4.166795602653248e-06,2.0094970872526342e-07,0.0,0.0,0.0008865158228758496,0.0
13,O[Pt] + [Pt] <=> [Pt] + O=[Pt],-9.672734254896834e-11,-5.854691493549274e-10,-9.398626104275824e-10,-3.4167833585821594e-10,-2.028343066722152e-10,6.319754929314145e-11,5.20935567123193e-10,6.899612357016016e-10,1.4388383261342582e-09,1.6066457006362327e-10,1.1873095103414493e-10,0.0,0.0,-2.2870861519061425e-08,0.0
14,C + O[Pt] + [Pt] <=> C[Pt] + O.[Pt],8.521559529011479e-05,0.0002974915655114943,7.58850423477345e-05,0.00028816027271201484,9.458526898226453e-05,0.00030686239057428996,0.00021227720927291795,-0.0014765232140297505,-0.0012642488392365762,-0.0002654519200565434,-5.881052376162754e-05,0.0,2.220446049250574e-14,0.08942336301681841,0.0
15,O + [Pt] <=> O.[Pt],6.358728826110841e-09,2.4926670888302605e-08,5.506906805980397e-09,2.0847554208996842e-08,1.0210778148169606e-08,2.9550600075002414e-08,1.9330285761866613e-08,-1.0648229448117743e-07,-9.029105829768785e-08,-2.1717159508053945e-08,-2.4574743917166396e-08,0.0,0.0,4.3014660015571055e-06,0.0
16,O.[Pt] + [Pt] <=> [Pt] + O[Pt],1.7494515565307013e-06,9.593238760377039e-06,-2.5229823894607073e-06,5.321544565164089e-06,6.0399606972313076e-06,1.3885115534313882e-05,7.845793502330925e-06,-3.118873504934005e-05,-2.3342958880197762e-05,-8.8810478860875e-06,4.227925632727981e-06,0.0,0.0,0.0014256853495165167,0.0
17,O.[Pt] + O=[Pt] <=> 2 O[Pt],0.012105061939886768,0.045292261174878425,0.0069596448482297105,0.0401451392428346,0.01727231795708301,0.050461231567362055,0.03318318210555756,-0.2092420731088797,-0.17612832239141882,-0.04068586412918657,-9.486604285411978e-05,-0.10869565217393004,3.164135620182068e-12,-0.9719599645034727,0.0
18,[H] + [Pt] <=> [Pt],-5.370165119803594e-09,-3.0028355552115247e-09,-7.17212496400161e-09,-3.843372588084621e-09,-3.7206652436911773e-09,3.1808235201638274e-10,3.998896668414797e-09,1.6816501429783066e-08,2.0190827372978617e-08,5.781625616072877e-10,-5.2825077941821704e-08,0.0,0.0,-5.0230470248792815e-09,0.0
19,C + [Pt] <=> C.[Pt],0.0005562291488996386,0.0023346829199485707,0.00022177135403236785,0.002000216582839952,0.0008921068671199013,0.002670562631313772,0.001778439952395737,-0.010553783193915704,-0.00877553132610916,-0.002123933535409336,-0.013353293658808874,0.0,1.3322676295503446e-13,0.31678686949014023,0.0
20,[CH3] + [Pt] <=> C[Pt],3.1820391626876045e-10,3.6521037630890614e-09,-3.086882253831274e-10,1.818958132544832e-09,1.60488201452607e-09,4.9953686565391004e-09,3.542820084324636e-09,-1.2928152048396184e-08,-1.1974613513585191e-08,-3.1169631703529284e-09,3.532925056983556e-08,0.0,0.0,1.7703846216377306e-07,0.0
21,[H][H] + [Pt] <=> [H][H].[Pt],1.0191549027295264e-06,4.616074869650638e-06,-3.3208945055096416e-06,2.737411677903749e-07,5.377851225109097e-06,8.972464013305514e-06,3.5944631121120778e-06,-4.799296395777445e-06,-1.215629198047283e-06,-4.139183645328153e-06,-7.419816483563236e-05,0.0,0.0,-3.160717658529359e-05,0.0
22,[OH] + [Pt] <=> O[Pt],4.1836203428652297e-10,6.11515872865415e-09,-2.8526293001549298e-09,6.3948150019059616e-09,3.381664748306276e-09,7.659569828291475e-09,4.188561278413994e-09,-2.8570926189688728e-08,-1.029298239652096e-08,-5.100493611816644e-09,9.116314986120943e-09,0.0,0.0,-2.5237048355837732e-09,0.0
23,[CH]=O + [Pt] <=> O=C[Pt],-4.936594218643029e-10,9.903486931728518e-10,-6.535582691370159e-10,1.2032000665701784e-09,-1.462248803331724e-10,1.7402798236130438e-09,2.0332579116652917e-09,1.3843732784587143e-09,-9.71257625786219e-10,-1.1183078472622636e-10,1.618757042709314e-11,0.0,0.0,-1.3699432844193626e-09,0.0
24,O=C=O + 2 [Pt] <=> O=C=[Pt] + O=[Pt],0.0002147144045305584,0.0004511689415265613,0.0005356989349717798,0.0007721541412660375,-0.00010763187139239354,0.00012882103650489906,0.00023645392743206812,-0.0036242624129021518,-0.003387815653981333,-0.00037498181067969675,1.3907252797881543e-05,0.0,0.0,0.01632802195334047,0.0
25,O + 2 [Pt] <=> [Pt] + O[Pt],0.046272918980924546,0.1757046043734175,0.023819182103590957,0.15322182027763953,0.06882195561585804,0.19828281257994332,0.1293718204813673,-0.800565157021322,-0.6722290374004872,-0.15805162708164958,0.0013769643278943777,-0.3804347826086971,8.282263763704642e-12,-0.42006535420731955,0.0
26,CC + 2 [Pt] <=> 2 C[Pt],2.6149768521270565e-05,7.956850642628099e-05,2.5081079998444344e-05,7.849893497617726e-05,2.722302157918447e-05,8.064031287109934e-05,5.3417149372773137e-05,-0.00039781750975798,-0.0003443990450018613,-7.073096034449557e-05,-1.3781263956167974e-06,0.0,0.0,0.024412576830699292,0.0
27,C=O + 2 [Pt] <=> O=C[Pt] + [Pt],4.164697741611526e-06,1.3869124605473137e-05,2.9978809519366615e-06,1.2703113937197156e-05,5.336543099115222e-06,1.5042052173058026e-05,9.705582376946612e-06,-6.409789845605907e-05,-5.4394717682079186e-05,-1.2150022702349858e-05,-9.3349027617509e-06,0.0,0.0,0.0002601620435299508,0.0
28,C=O + 2 [Pt] <=> C=[Pt] + O=[Pt],5.636618001564673e-07,1.9381944168249106e-06,4.1472878184408266e-07,1.7895295007704894e-06,7.135940651722605e-07,2.0882193048235395e-06,1.3748280938476442e-06,-9.264593687109483e-06,-7.889360469622278e-06,-1.727033715158859e-06,-1.3799458507730063e-06,0.0,0.0,-5.264431411564203e-06,0.0
29,CO + 2 [Pt] <=> C[Pt] + O[Pt],2.6759958127308445e-06,9.339499743428173e-06,2.3677215474626063e-06,9.031336682136095e-06,2.986132665681113e-06,9.64776802939031e-06,6.6618067727797615e-06,-4.6282352122183274e-05,-3.962064688780528e-05,-8.33142158947144e-06,-2.0588423059432446e-06,0.0,0.0,0.0028693011533431354,0.0
30,CC=O + 2 [Pt] <=> C[Pt] + O=C[Pt],1.534423764413977e-10,1.4350452486155568e-09,1.4435444389094953e-11,8.19947379124753e-10,6.95543678409473e-11,2.373357055539422e-10,1.6778134497715408e-10,-2.8018863862805087e-09,-4.495134202961829e-09,-2.1688273698887254e-10,-3.9388692700502174e-11,0.0,0.0,3.271935426400057e-09,0.0
31,C=C + 2 [Pt] <=> 2 C=[Pt],-0.000697948851626193,-0.0002516239740341302,-0.0008916584470229672,-0.00044533460508006746,-0.000503416815265379,-5.709120932520326e-05,0.00044632725611330195,0.0015076262000012944,0.001953959723346389,-3.473347584130042e-05,-8.661768994904554e-05,0.0,0.0,3.120096913928012e-05,0.0
32,C.[Pt] + [Pt] <=> C[Pt] + [Pt],-2.801451202646901e-05,-9.75716698382204e-05,-2.5171480108972283e-05,-9.47289650142633e-05,-3.0868946312284735e-05,-0.00010042437277242884,-6.955511937213211e-05,0.00048516543119129433,0.0004156079438497315,8.704167989507798e-05,1.8584707320770768e-05,0.0,-1.110223024625287e-14,-0.03057997477868426,0.0
33,O=C[Pt] + [Pt] <=> O=C=[Pt] + [Pt],3.771563665739042e-07,5.867040595227056e-07,3.2982022348001785e-07,5.397767481952574e-07,4.246176811543664e-07,6.337453200562257e-07,2.091014724385267e-07,-2.57597870000238e-06,-2.3675299772517077e-06,-4.34216275495069e-07,-7.946331514952459e-06,0.0,0.0,-0.00020364116341160007,0.0
34,C[Pt] + [H][H].[Pt] <=> C.[Pt] + [Pt],-5.498472662552741e-08,-1.788459625591904e-07,-6.424689300502299e-08,-1.8787213457096854e-07,-4.5720458829231937e-08,-1.700769552592061e-07,-1.2427478041356687e-07,9.533506123480702e-07,8.299109338759423e-07,1.596211392224652e-07,2.529072242966821e-08,0.0,0.0,-5.971214695565373e-05,0.0
35,C#[Pt] + [H][H].[Pt] <=> C=[Pt] + [Pt],7.660019463505127e-07,4.178158108222562e-06,-4.973714884001264e-06,-1.5621569666105918e-06,6.529249744644379e-06,9.94024912369281e-06,3.411339479319344e-06,3.4456805489563634e-06,6.856443724236317e-06,-3.7664720138359668e-06,-6.252261772600011e-05,0.0,0.0,-0.0007420078785752822,0.0
36,C=[Pt] + [H][H].[Pt] <=> C[Pt] + [Pt],-1.4396549877416913e-10,3.590145959217682e-10,-2.4264383247283498e-09,-7.952017025106903e-11,6.936862130416404e-10,1.1406880029349978e-09,6.558580374290704e-10,1.7867083767913194e-09,4.277278303079239e-09,-4.1422923773292273e-10,-2.7380065495743385e-08,0.0,0.0,-1.5285970358480043e-07,0.0
37,C~[Pt] + [H][H].[Pt] <=> C#[Pt] + [Pt],4.875024678135937e-07,3.0032733853230715e-06,-3.1687935195604084e-06,-6.504919381405688e-07,4.157622976655122e-06,6.674138888129193e-06,2.5163517419150356e-06,3.4464949505168116e-07,2.861341896032864e-06,-2.7472704952785063e-06,-5.0815467240641306e-05,0.0,0.0,-0.0001970473191083426,0.0
38,[H][H].[Pt] + O=[Pt] <=> [Pt] + O[Pt],-5.287147096910062e-06,-1.4459182899628948e-05,-1.1053625829140706e-05,-2.022439874215865e-05,5.040165245840822e-07,-8.667463654987122e-06,-9.171465471788957e-06,9.791087596978178e-05,8.873841369355457e-05,1.2577076020907548e-05,-1.8133591357941592e-06,0.0,0.0,-0.006483982400695425,0.0
39,[H][H].[Pt] + O[Pt] <=> O.[Pt] + [Pt],8.273508758514977e-08,1.2201182143943438e-06,-1.0646134539466639e-06,7.336367102261361e-08,1.2349165185852464e-06,2.373705694997336e-06,1.138830396437517e-06,-1.4576835244006434e-06,-3.17695698133e-07,-1.1731677775863693e-06,7.404551891096475e-07,0.0,0.0,4.679622904257907e-06,0.0
40,O=C=[Pt] + [H][H].[Pt] <=> O=C[Pt] + [Pt],6.557871405908342e-08,7.012252760016707e-07,-8.728383651511929e-07,-2.424016539169968e-07,1.0077580604353474e-06,1.6441667718455567e-06,6.364087065462931e-07,4.327784150090324e-07,1.060301269392052e-06,-6.554953990532721e-07,-5.249692457794906e-06,0.0,0.0,-0.00014418577930437227,0.0
41,C.[Pt] + O=C=[Pt] <=> C[Pt] + O=C[Pt],1.9749718880485664e-08,6.742226478957708e-09,2.2175660382294878e-08,9.350616653390365e-09,1.702093368357387e-08,4.396903216867193e-09,-1.2579872583327237e-08,-2.26923433741057e-08,-3.522705865798898e-08,3.0540037591579647e-09,-6.404304650987841e-07,0.0,0.0,-1.7968099733096928e-05,0.0
42,O=C[Pt] + C#[Pt] <=> C=[Pt] + O=C=[Pt],-7.074241704944e-08,5.41869957562434e-07,1.2126816732755603e-07,7.330953930241014e-07,-2.631968237200758e-07,3.496124944720905e-07,6.123670906776019e-07,-3.82766875391289e-06,-3.215298679554531e-06,-5.840522430278045e-07,1.109780716972069e-05,0.0,0.0,0.0005122477889742822,0.0
43,C=[Pt] + O=C[Pt] <=> C[Pt] + O=C=[Pt],4.4196861270010334e-08,1.6039348040011475e-07,3.669708525689903e-08,1.5298128509722637e-07,5.0591396471187984e-08,1.6575172142770167e-07,1.1540240009610144e-07,-7.816407784449358e-07,-6.657757538031957e-07,-1.4110119932934573e-07,-3.698988342756864e-08,0.0,0.0,4.687801894637645e-05,0.0
44,O=C[Pt] + C~[Pt] <=> C#[Pt] + O=C=[Pt],5.214523274020836e-10,-3.207691354037193e-10,6.55910782615887e-10,-3.457687910710865e-10,3.085943362495774e-10,-3.1500203230190447e-10,-6.235939150475214e-10,3.124132218656593e-09,3.1664706364010448e-09,1.1474892820216166e-09,-3.3388958301693543e-08,0.0,0.0,-1.7400714337278097e-07,0.0
45,O=C[Pt] + O=[Pt] <=> O=C=[Pt] + O[Pt],9.348875634794354e-08,1.4300831522616293e-09,1.126790768209774e-07,1.9950343635275432e-08,7.432139137882422e-08,-1.8503865783587673e-08,-9.252358512989891e-08,9.210251882546273e-09,-8.48264492768646e-08,4.005207663272571e-08,-2.0410844908494835e-06,0.0,0.0,-0.0005830672549586672,0.0
46,O=C[Pt] + O[Pt] <=> O=C=[Pt] + O.[Pt],1.9419246435663477e-09,7.149940325768633e-08,-7.264986180588798e-08,-4.234864473186511e-09,7.73783600935601e-08,1.4765246539511445e-07,7.051113014123352e-08,-5.316954026469186e-08,1.902430020459639e-08,-6.818145959891143e-08,2.1785759525309386e-08,0.0,0.0,1.5807057729457211e-06,0.0
47,C.[Pt] + O=[Pt] <=> C[Pt] + O[Pt],6.43155428494115e-07,1.7650339339325856e-06,1.279264190783897e-06,2.4017286591254393e-06,4.772139495985601e-09,1.1235790447959803e-06,1.118660006669446e-06,-1.1655885976731969e-05,-1.0533324848663278e-05,-1.5333898103419812e-06,-1.7361069914538995e-07,0.0,0.0,0.0007388646435009393,0.0
48,C=[Pt] + C.[Pt] <=> 2 C[Pt],1.606346093635702e-07,5.593319871233062e-07,1.4152612883248207e-07,5.403476521039155e-07,1.796749597184295e-07,5.798088924196594e-07,4.001277565930534e-07,-2.771650265315016e-06,-2.3689186681363302e-06,-5.000654906053441e-07,-1.608498474641825e-07,0.0,0.0,0.00017097665473333912,0.0
49,C.[Pt] + C#[Pt] <=> C=[Pt] + C[Pt],3.4940363494546473e-07,2.0374235087088298e-07,2.514992814287952e-07,1.0453402301454792e-07,4.480853423763883e-07,3.037622206332833e-07,-1.4449143833816988e-07,-3.18153002406655e-07,-4.660922652128231e-07,-5.7149013557029604e-08,-1.1503040589827108e-05,0.0,0.0,-0.00040956285132819217,0.0
50,C.[Pt] + C~[Pt] <=> C[Pt] + C#[Pt],-5.320205070635791e-10,6.715471100871985e-10,-1.4875535464835102e-09,-8.120913355467114e-10,-1.0467985711727814e-10,3.2486750476470294e-09,3.565484520761803e-09,2.593384029997218e-09,-1.4410070823033847e-09,1.1019123932361427e-10,-9.004763364860474e-10,0.0,0.0,-1.5918081621074918e-07,0.0
51,C.[Pt] + O[Pt] <=> C[Pt] + O.[Pt],0.0007558746099461485,0.0026443746957656284,0.0006657550042968069,0.002554256540145892,0.0008463767180014912,0.0027348777851283774,0.0018884845896470469,-0.013094565953512707,-0.011206314132937696,-0.0023600693437611864,-0.0006254799411911078,0.0,2.1094237467880453e-13,0.6377281519988601,0.0
52,C#[Pt] + O[Pt] <=> C=[Pt] + O=[Pt],1.9574916329984427e-05,6.677973120893161e-05,1.6216926092576563e-05,6.34191580302174e-05,2.2948174867556326e-05,7.015086470225438e-05,4.720256910439669e-05,-0.0003254464459667318,-0.00027824253237971865,-5.936637410097834e-05,-2.926343489206672e-05,0.0,0.0,0.01581471529346099,0.0
53,C=[Pt] + O[Pt] <=> C[Pt] + O=[Pt],0.00019645387192997876,0.0006860378670984067,0.00017425776461244742,0.0006638415034537984,0.00021874477190858348,0.0007083266171172,0.0004895817539119718,-0.0034020480177007263,-0.0029124781138972914,-0.0006121603876593205,-0.0001420951918245814,0.0,4.440892098501148e-14,0.1994527454790275,0.0
54,C~[Pt] + O[Pt] <=> C#[Pt] + O=[Pt],-4.1488474040031596e-10,1.7606222871876326e-09,-9.85782288513795e-10,-4.733047871988628e-10,-6.226895242554125e-10,3.3499286818240968e-09,3.972617039341483e-09,1.4528372651055452e-09,1.3661702153519022e-11,-2.2362585181192014e-10,-6.879997284960213e-11,0.0,0.0,8.765201501725317e-10,0.0
55,2 C=[Pt] <=> C[Pt] + C#[Pt],4.155846020897861e-07,1.4713398692706737e-06,3.561852341827525e-07,1.4102267017624286e-06,4.7546640690689244e-07,1.5321355990477093e-06,1.056379850236468e-06,-7.2455633636365435e-06,-6.190117333395121e-06,-1.3153975557624184e-06,-6.456972726557042e-07,0.0,0.0,0.0004392449681224973,0.0
56,C[Pt] + C~[Pt] <=> C=[Pt] + C#[Pt],9.611046561572581e-05,0.0003442728278580224,8.044548208486639e-05,0.00032860435489677465,0.00011184176188193195,0.0003600052947699035,0.0002481648770910911,-0.0016898465918078528,-0.001441691278903316,-0.00030812715395235786,-0.00026181247015749046,0.0,2.220446049250574e-14,0.0984370970426052,0.0
57,C=[Pt] + C~[Pt] <=> 2 C#[Pt],1.150601425316468e-09,1.1530021069667053e-09,3.3217960434267186e-10,9.318323732590293e-10,-2.637685331992312e-10,1.7557595470848141e-09,1.8520021952369434e-09,-1.4943175502393444e-09,-4.1411866021113376e-09,-4.976199626269212e-10,-6.984177826491114e-10,0.0,0.0,-1.3714948335547533e-09,0.0
58,C#[Pt] + O.[Pt] <=> C=[Pt] + O[Pt],1.7093090105117036e-05,6.460512415194144e-05,1.6483047926730504e-05,6.39950412491587e-05,1.770588123942291e-05,6.521820746192887e-05,4.751302288135776e-05,-0.00032828251776354195,-0.000280770155382425,-5.8280689253149446e-05,5.9483709330351386e-05,0.0,0.0,0.01733583558781926,0.0
59,C=[Pt] + O.[Pt] <=> C[Pt] + O[Pt],1.134356747054606e-08,4.156226194780602e-08,9.56151974382645e-09,3.9514965989839995e-08,1.3319989480988477e-08,4.322416377300618e-08,3.0512655755668376e-08,-2.0372821648248828e-07,-1.7533001864560913e-07,-3.6679746652977765e-08,-3.546309434372483e-09,0.0,0.0,1.2513129523127004e-05,0.0
60,C~[Pt] + O.[Pt] <=> C#[Pt] + O[Pt],-6.158997932938926e-07,2.7847990909764154e-06,2.190115955291217e-06,5.591777513601879e-06,-3.433384429391496e-06,-3.17935191997129e-08,3.402686705071761e-06,-2.79291563599705e-05,-2.4524241950460034e-05,-3.1551106616444444e-06,0.00010252189718481417,0.0,0.0,0.0003333967976861241,0.0
61,CO + 2 [Pt] <=> CO[Pt] + [Pt],-4.860513903280937e-07,-1.7217677321455976e-06,-4.286834957896982e-07,-1.6655525059940632e-06,-5.459834854882583e-07,-1.7798164655324252e-06,-1.234748287290084e-06,8.549824260690683e-06,7.313788006575522e-06,1.5392026837702447e-06,1.4159579566727206e-07,0.0,0.0,-0.0005417915266109724,0.0
62,C=O + [Pt] <=> CO[Pt],3.6469035894420343e-10,5.653470020079552e-10,8.990601707685045e-11,3.2633741711685227e-09,4.114982564320091e-10,7.341632338497432e-10,1.9067784614192325e-10,-6.881778035665354e-09,-4.722511624358914e-09,-1.0751773147018007e-09,-4.809994602499464e-10,0.0,0.0,1.7776823275526723e-07,0.0
63,C.[Pt] + O=[Pt] <=> CO[Pt] + [Pt],0.014473577019199263,0.154358590778256,-0.005261490030735292,0.14499585614474722,0.03429259214719046,0.1742109343269551,0.13989439638596246,-0.5642985331652838,-0.4179765334139069,-0.10044880499713257,0.00589435910991219,-0.25563060403530036,6.654861846774742e-12,0.3935793629314655,0.0
64,CO[Pt] + [Pt] <=> C[Pt] + O=[Pt],-5.270620197724187e-10,7.912774251539892e-10,-7.818821361419355e-10,1.3452866493697398e-09,-2.0171450870780763e-10,1.642303388606795e-09,1.110658665447299e-09,-2.636910052429861e-09,5.930656157332076e-10,-6.482297202757629e-11,1.8756818543801425e-12,0.0,0.0,1.4073514286058579e-09,0.0
65,C.[Pt] + C~[Pt] <=> CC#[Pt] + [Pt],-4.2266089674180003e-10,-2.6479845471366957e-10,-1.0192300980065764e-09,-9.831305132116643e-10,1.10000755206693e-11,-6.56137994173669e-10,-8.573900711301542e-10,1.2191658529473831e-11,-9.725891027284462e-13,6.762392646485918e-11,2.1169560227737186e-11,0.0,0.0,2.371941255691546e-09,0.0
66,CC#[Pt] + [Pt] <=> C[Pt] + C~[Pt],5.759771019662677e-11,1.0253519375127826e-09,-3.645532108926505e-10,5.017226857273724e-10,1.2689891987805705e-10,6.218572184173552e-10,5.96783323605489e-10,-1.0844884451939588e-09,-9.912632753578451e-10,-2.1508039879938404e-10,-1.366383270354824e-10,0.0,0.0,-3.775906618176635e-09,0.0
67,CO[Pt] + C~[Pt] <=> CC#[Pt] + O=[Pt],-1.172939934403024e-09,-3.311815235661798e-11,-2.2193947347407287e-09,-7.022974272005025e-11,-2.7330428047328773e-11,1.4862747205273547e-10,-4.3731045142440976e-12,7.985849697867784e-10,6.463929964574297e-10,4.1293500656678705e-11,-6.176317166201285e-11,0.0,0.0,-2.1099108740787873e-10,0.0
68,C=O + [Pt] <=> C=O.[Pt],-3.365815418670171e-05,-0.00011784643740273438,-2.9191598893634513e-05,-0.00011337852998540773,-3.814412500845939e-05,-0.00012233126817614128,-8.418683545711623e-05,0.0005804374662121665,0.0004962469780622668,0.00010506535826331645,1.9328949213306404e-05,0.0,-1.110223024625287e-14,-0.037100579834266206,0.0
69,O=C[Pt] + [Pt] <=> C=O.[Pt] + [Pt],0.0005556002063711071,0.001910344563915261,0.00041387358341128807,0.001768616750128472,0.0006979284116335827,0.002052674720759447,0.0013547372501046815,-0.009106224061543858,-0.007751608925773107,-0.0016981984806558284,-0.0012314255066238982,0.0,1.110223024625287e-14,0.01556147686965736,0.0
70,C=O.[Pt] + C[Pt] <=> C.[Pt] + O=C[Pt],-2.504170859999009e-10,1.0634484757414967e-09,-1.0083446468634017e-09,1.5657635118413914e-09,5.847773679045936e-10,1.935469194863773e-09,1.188623547435488e-09,-7.442601365932165e-09,-5.957658759563244e-09,-1.1446805712854015e-09,-1.6816455257184534e-09,0.0,0.0,7.8551177439889e-08,0.0
71,C=O.[Pt] + [Pt] <=> C=[Pt] + O=[Pt],-1.7935946670711178e-10,-7.180654404243552e-10,-4.3743255863818323e-10,-4.100458848900073e-10,1.1183911382615594e-10,-7.021255298837162e-10,-9.073257036200788e-10,-1.115498807307024e-09,1.4118597543897586e-09,2.2148879677230392e-11,6.694532108387908e-11,0.0,0.0,9.653147179053282e-11,0.0
72,C=O.[Pt] + C#[Pt] <=> C=[Pt] + O=C[Pt],3.426183872262592e-07,1.0651896782514729e-06,2.241861135594375e-07,9.483649323588933e-07,4.6141148995469396e-07,1.1859257027426535e-06,7.24740361588338e-07,-4.875998234340812e-06,-4.152809330276678e-06,-9.318963458925558e-07,-3.1692207476438086e-06,0.0,0.0,2.614783571568443e-06,0.0
73,C=O.[Pt] + C=[Pt] <=> C[Pt] + O=C[Pt],-6.515706884045072e-10,7.259786884015585e-10,-1.1564616720842407e-09,2.912781668254355e-09,-1.2776825174700664e-11,-1.0148873918839851e-10,-7.445157602143806e-10,-6.03164827154376e-09,-4.915008402974578e-09,-2.4830559020218677e-10,-1.0511725510599854e-10,0.0,0.0,9.946311879558708e-11,0.0
74,C=O.[Pt] + C~[Pt] <=> O=C[Pt] + C#[Pt],3.7360294294433913e-07,1.104773527199289e-06,2.41411811557105e-07,9.712165777585246e-07,5.061156482956926e-07,1.2343337365424475e-06,7.28264765554719e-07,-4.987702304259349e-06,-4.259342036221752e-06,-9.573813405180674e-07,-4.652890535712959e-06,0.0,0.0,9.76872069954366e-07,0.0
75,C=O.[Pt] + [Pt] <=> O=C[Pt] + [H][H].[Pt],4.0086113917782425e-08,1.3910352094218151e-07,2.8593636512638343e-08,1.2682207275928753e-07,5.159958925742554e-08,1.5000531333602633e-07,9.83145171028785e-08,-6.564766530680568e-07,-5.604127782888258e-07,-1.2399907164085257e-07,-7.628986408909258e-08,0.0,0.0,-3.2835900293422546e-06,0.0
76,C=O.[Pt] + O=[Pt] <=> O=C[Pt] + O[Pt],0.00027114852410484413,0.0009338277300535839,0.00023314675651186725,0.0008958238716708718,0.00030931124953761127,0.0009719885098006029,0.0006626750532522588,-0.004592795505986058,-0.003930150350924245,-0.0008314770128212761,-0.0004393927089114264,0.0,7.77156117237701e-14,0.24761437085184987,0.0
77,C=O.[Pt] + O[Pt] <=> O=C[Pt] + O.[Pt],7.287194446920286e-09,2.6915808191314557e-08,6.664312876999188e-09,2.6434072278159386e-08,8.2448391153869e-09,2.7670383999115568e-08,1.981502642326295e-08,-1.325135739360566e-07,-1.1376523027402912e-07,-2.366824515624979e-08,-4.766302393759992e-09,0.0,0.0,8.20719944371647e-06,0.0
78,C=O.[Pt] + O=C=[Pt] <=> 2 O=C[Pt],1.6992332262329976e-07,5.963407236944283e-07,1.3331855327209806e-07,5.584986348978575e-07,2.0690262929384893e-07,6.31631058353554e-07,4.2473134005779513e-07,-2.872748373225087e-06,-2.44870497156608e-06,-5.3075863363905e-07,-1.4765814040443363e-07,0.0,0.0,3.418330113091245e-07,0.0
79,C=O.[Pt] + [Pt] <=> CO[Pt] + [Pt],0.012744399308539035,0.04709799722465491,0.007873962938010725,0.04222588476814945,0.017635506703345554,0.0519907836818153,0.034349219060521,-0.2195375627051216,-0.18526375420542474,-0.04225433587699311,-0.0033094477329156133,-0.10869565217393004,2.953193245503264e-12,0.1302153933447415,0.0
80,C=O.[Pt] + [H][H].[Pt] <=> CO[Pt] + [Pt],1.0084035884113118e-09,1.708403636231305e-10,-1.3851269506247936e-10,2.0609655532573756e-09,1.214755264505599e-10,8.660171554247545e-11,2.457557762537898e-11,-6.5261459728157905e-09,-5.599572687227196e-10,-2.4978092892740057e-11,-2.7162302754023186e-11,0.0,0.0,6.201493080252585e-10,0.0
81,C=O.[Pt] + O=C[Pt] <=> CO[Pt] + O=C=[Pt],2.515889360334193e-05,8.835997003420777e-05,2.1344455609556505e-05,8.454539263249233e-05,2.898966877985347e-05,9.219024885785587e-05,6.319906822324195e-05,-0.00043420518344450477,-0.0003710043543544847,-7.888614554583721e-05,-1.089000540291276e-05,0.0,0.0,0.01176769168390869,0.0
82,C=O.[Pt] + O[Pt] <=> CO[Pt] + O=[Pt],1.594583572636914e-05,5.5712217749452134e-05,1.410581875423483e-05,5.387284186070845e-05,1.7794171598610375e-05,5.756080220223574e-05,3.976729324402194e-05,-0.00027612038711918364,-0.00023635216014850758,-4.9714406875349526e-05,-1.090123051643094e-05,0.0,0.0,0.01711044305569923,0.0
83,C=O.[Pt] + C[Pt] <=> C=[Pt] + CO[Pt],-2.2855116177154497e-07,-8.232588741746739e-07,-2.3452241491303797e-07,-8.286230964447041e-07,-2.2259525228577028e-07,-8.183323316795433e-07,-5.958786486192494e-07,4.237947902877303e-06,3.6486258621762833e-06,7.402423331532157e-07,-3.053831995739317e-07,0.0,0.0,-0.0004582394014492265,0.0
84,C=O.[Pt] + C.[Pt] <=> CO[Pt] + C[Pt],1.5182795413702154e-10,5.814601006249711e-10,4.3363563692268854e-10,7.212163305680972e-10,-1.107813500856068e-10,1.107942228048144e-09,1.2960212970823212e-09,-4.623317950066422e-09,-2.717965566776042e-09,-2.0022236722271896e-10,1.1438389792827167e-11,0.0,0.0,-1.3167557077506958e-09,0.0
85,C=O.[Pt] + C=[Pt] <=> CO[Pt] + C#[Pt],8.556012438468093e-08,2.906757152918458e-07,6.577007293909845e-08,2.682044578180091e-07,1.0539052874566918e-07,3.1143686190113033e-07,2.0587996926634939e-07,-1.3845945612233246e-06,-1.1802358211904473e-06,-2.5668723245128885e-07,-2.8189772918037437e-07,0.0,0.0,3.980398993870784e-05,0.0
86,C=O.[Pt] + C#[Pt] <=> CO[Pt] + C~[Pt],0.026137135303992712,0.09735170242029896,0.015382341486238205,0.08658925385434128,0.036937576396560944,0.10815982977237058,0.07119595531542049,-0.45076819890581266,-0.3798931588530363,-0.08740625933322485,-0.003125663004907276,-0.21739130434782145,5.76205749780524e-12,-0.33278445007435503,0.0
87,C=O.[Pt] + O.[Pt] <=> CO[Pt] + O[Pt],-6.248539722064255e-10,4.366144738562273e-10,-7.597830244746264e-10,-9.000600584590966e-11,-2.6812696326152025e-10,1.44732182079696e-09,1.6448032285836522e-09,5.014030517928761e-10,-2.8882618835637176e-10,-1.7151593458086819e-12,-6.435429921106198e-11,0.0,0.0,9.356135265152825e-10,0.0
88,2 C=O.[Pt] <=> CO[Pt] + O=C[Pt],3.7950435021249766e-10,-1.939012241399298e-10,1.0737980565153042e-09,-1.7935682123697407e-10,9.574780833082624e-11,-1.7286046569496971e-10,3.375370037409669e-10,-6.007547136782245e-11,6.530718308157997e-10,-1.4730411017131242e-11,6.066154028786971e-11,0.0,0.0,1.569124496239305e-09,0.0
89,[CH]C + 2 [Pt] <=> C[Pt] + C#[Pt],-4.2869376011216033e-07,-1.494732764320748e-07,-5.486660131483858e-07,-2.6925886707226883e-07,-3.088956559443958e-07,-2.99601706973995e-08,2.7886314233040946e-07,9.016049247570923e-07,1.1809203071368958e-06,-2.6326502975975183e-08,-6.749150911900966e-08,0.0,0.0,-2.985797547851403e-11,0.0
90,[CH]C + 2 [Pt] <=> CC#[Pt] + [Pt],-4.290480638099732e-07,-1.4800911194225194e-07,-5.478391984919779e-07,-2.693865038170752e-07,-3.089234913309677e-07,-2.8059090947048317e-08,2.8038427489489594e-07,9.016223713519926e-07,1.1783154298345548e-06,-2.6521262615792457e-08,-6.765712188539688e-08,0.0,0.0,-1.7369352153138066e-09,0.0
91,OC#[Pt] + [Pt] <=> O=C=[Pt] + [Pt],5.420442373479937e-05,0.00018232120856017655,3.7187700979516174e-05,0.00016530613476789118,7.129372878896548e-05,0.00019940911687951705,0.0001281153608695666,-0.0008533581885481459,-0.0007252414599895786,-0.00016155837157008762,-0.00019149765067702582,0.0,0.0,-0.00408209935416093,0.0
92,OC#[Pt] + [Pt] <=> C~[Pt] + O[Pt],-0.016572848871822216,-0.0635854865277869,-0.009231518432672395,-0.05624760758970206,-0.02394533728852871,-0.07095450865039558,-0.04702043069632635,0.2939333750522091,0.2467747398941155,0.05729715976574431,-0.01601211332645973,0.16304347826087573,-9.192646643897377e-12,-1.2574085082091548,0.0
93,C~[Pt] + O.[Pt] <=> OC#[Pt] + [Pt],9.17075791633427e-05,0.0003576116129617604,-1.0251548444383108e-05,0.00025565160073343,0.00019409973803161495,0.00046000318488043025,0.0002659029918118805,-0.0013874950220913542,-0.0011215986760612481,-0.0003213194495867769,-0.00045486870240348833,0.0,0.0,5.318908745235977e-05,0.0
